<?xml version="1.0" encoding="windows-1251" standalone="yes"/>
<students>
  <student id="1">
    <firstName>????????</firstName>
    <middleName>???????</middleName>
    <lastName>??????????</lastName>
    <dateBorn>20-10-1982</dateBorn>
    <faculty>???</faculty>
    <program>???????????</program>
    <facultyNumber>132541001</facultyNumber>
    <studyYear>4</studyYear>
  </student>
  <student id="2">
    <firstName>?????????</firstName>
    <middleName>????????</middleName>
    <lastName>???????</lastName>
    <dateBorn>26-05-1981</dateBorn>
    <faculty>???</faculty>
    <program>??????????</program>
    <facultyNumber>132541011</facultyNumber>
    <studyYear>3</studyYear>
  </student>
  <student id="3">
    <firstName>??????</firstName>
    <middleName>??????</middleName>
    <lastName>???????</lastName>
    <dateBorn>03-03-1999</dateBorn>
    <faculty>???</faculty>
    <program>???????????</program>
    <facultyNumber>132541002</facultyNumber>
    <studyYear>3</studyYear>
  </student>
  <student id="4">
    <firstName>??????</firstName>
    <middleName>???????</middleName>
    <lastName>???????</lastName>
    <dateBorn>22-11-2001</dateBorn>
    <faculty>???</faculty>
    <program>???????????</program>
    <facultyNumber>132541014</facultyNumber>
    <studyYear>2</studyYear>
  </student>
  <student id="5">
    <firstName>??????</firstName>
    <middleName>??????</middleName>
    <lastName>??????</lastName>
    <dateBorn>09-09-1998</dateBorn>
    <faculty>???</faculty>
    <program>??????</program>
    <facultyNumber>132544007</facultyNumber>
    <studyYear>4</studyYear>
  </student>
</students>
